station_id,station_name,province,city,river_basin,location
HW_沿江渡,沿江渡,贵州省,遵义市,长江流域,贵州省 遵义市 长江流域
NW_0017dc02,岳城水库出口,河北省,,海河流域,河北省 - 海河流域
NW_00b240bc,北峪口,山西省,,黄河流域,山西省 - 黄河流域
NW_01bc1c6c,上二道河子,河北省,,海河流域,河北省 - 海河流域
NW_04823fc2,新八里桥,北京市,,海河流域,北京市 - 海河流域
NW_04da64a6,王庄桥南,山西省,,黄河流域,山西省 - 黄河流域
NW_04e3cc84,后城,北京市,,海河流域,北京市 - 海河流域
NW_065bc355,张留庄,山西省,,黄河流域,山西省 - 黄河流域
NW_075ac3e4,汾河水库出口,山西省,,黄河流域,山西省 - 黄河流域
NW_08335b97,上亳城,山西省,,黄河流域,山西省 - 黄河流域
NW_0b2e8de5,广北滨河路（桥）,北京市,,海河流域,北京市 - 海河流域
NW_0be960cb,曲立,山西省,,黄河流域,山西省 - 黄河流域
NW_0e8ebe4d,阎辛庄,天津市,,海河流域,天津市 - 海河流域
NW_11bc3442,嵯岗,内蒙古自治区,,松花江流域,内蒙古自治区 - 松花江流域
NW_121016d1,碧村,山西省,,黄河流域,山西省 - 黄河流域
NW_127f1f6e,花园路,北京市,,海河流域,北京市 - 海河流域
NW_172ae0c9,大红桥,天津市,红桥区,海河流域,天津市 - 海河流域
NW_1922bd17,四道甸,河北省,,海河流域,河北省 - 海河流域
NW_1ae866c4,下槐镇,河北省,,海河流域,河北省 - 海河流域
NW_1b5b3189,南姚,山西省,,黄河流域,山西省 - 黄河流域
NW_1d902280,裴沟,山西省,,黄河流域,山西省 - 黄河流域
NW_1f4c1d30,裴家川口,山西省,,黄河流域,山西省 - 黄河流域
NW_20f50839,吴村,河北省,,海河流域,河北省 - 海河流域
NW_2108cc13,涧河口,河北省,,海河流域,河北省 - 海河流域
NW_218b22c3,兆通,河北省,,海河流域,河北省 - 海河流域
NW_24425826,土门楼,天津市,,海河流域,天津市 - 海河流域
NW_262157c1,平山桥,河北省,,海河流域,河北省 - 海河流域
NW_28802665,杨洼闸（王家摆）,河北省,,海河流域,河北省 - 海河流域
NW_28b0895c,黑城村,山西省,,黄河流域,山西省 - 黄河流域
NW_2a3cc367,三川河两河口桥,山西省,,黄河流域,山西省 - 黄河流域
NW_2dbf8654,沙窝,北京市,,海河流域,北京市 - 海河流域
NW_2dd09bb1,清河闸,北京市,,海河流域,北京市 - 海河流域
NW_2de3eecf,衡水湖大湖心,河北省,衡水市,海河流域,河北省 - 海河流域
NW_2e970e42,张峰水库出口,山西省,,黄河流域,山西省 - 黄河流域
NW_30019c63,大山矿,内蒙古自治区,,松花江流域,内蒙古自治区 - 松花江流域
NW_32c5b40d,安固桥（桑柳树）,山西省,,黄河流域,山西省 - 黄河流域
NW_338e49ea,白石桥,北京市,,海河流域,北京市 - 海河流域
NW_34154c4b,曹庄子泵站,天津市,,海河流域,天津市 - 海河流域
NW_3521340d,三岔口,天津市,,海河流域,天津市 - 海河流域
NW_3692536e,蓟运河防潮闸,天津市,,海河流域,天津市 - 海河流域
NW_3828c5b9,四埝村桥,河北省,,海河流域,河北省 - 海河流域
NW_3ad75763,成吉思汗,内蒙古自治区,,松花江流域,内蒙古自治区 - 松花江流域
NW_3c0c00c0,梵王寺,山西省,,海河流域,山西省 - 海河流域
NW_3c9ea079,古家坡,山西省,,海河流域,山西省 - 海河流域
NW_3e41ed73,龙头,山西省,,黄河流域,山西省 - 黄河流域
NW_3e48ccea,大王务,河北省,,海河流域,河北省 - 海河流域
NW_452d83e3,安州,河北省,,海河流域,河北省 - 海河流域
NW_455f26e3,韩武村,山西省,,黄河流域,山西省 - 黄河流域
NW_4edf0060,生产圈闸,天津市,,海河流域,天津市 - 海河流域
NW_503cf9e3,谷家营,北京市,,海河流域,北京市 - 海河流域
NW_505a9393,果河桥,天津市,,海河流域,天津市 - 海河流域
NW_5383ae7c,后西吴桥,河北省,,海河流域,河北省 - 海河流域
NW_5843ae2e,司徒桥,山西省,,海河流域,山西省 - 海河流域
NW_5b80d532,海河大闸,天津市,,海河流域,天津市 - 海河流域
NW_5f2670a6,东榆林水库出口,山西省,,海河流域,山西省 - 海河流域
NW_615736e5,东店,北京市,,海河流域,北京市 - 海河流域
NW_61d9095a,青静黄防潮闸,天津市,,海河流域,天津市 - 海河流域
NW_642faa7e,闫家庄大桥,山西省,,海河流域,山西省 - 海河流域
NW_65656407,密云水库,北京市,,海河流域,北京市 - 海河流域
NW_66322f7f,白合,河北省,,海河流域,河北省 - 海河流域
NW_6aa1bb8b,杜里村,河北省,,海河流域,河北省 - 海河流域
NW_6d5ae311,河西村,山西省,河西区,黄河流域,山西省 - 黄河流域
NW_705b9062,滦县大桥,河北省,,海河流域,河北省 - 海河流域
NW_70d3ea8b,八号桥,河北省,,海河流域,河北省 - 海河流域
NW_71a7d5a9,万家码头,天津市,,海河流域,天津市 - 海河流域
NW_73bf8adb,南庄,山西省,,海河流域,山西省 - 海河流域
NW_77224f22,北洋桥,天津市,,海河流域,天津市 - 海河流域
NW_77961a87,沙河桥,天津市,,海河流域,天津市 - 海河流域
NW_77b6d23e,何老营,河北省,,海河流域,河北省 - 海河流域
NW_78f16fc4,丰北闸,河北省,,海河流域,河北省 - 海河流域
NW_7f803f3a,王寨村,山西省,,海河流域,山西省 - 海河流域
NW_875e5cf2,刘家庄,山西省,,海河流域,山西省 - 海河流域
NW_88241acc,膳马庙村北,河北省,,海河流域,河北省 - 海河流域
NW_8989c5ed,南张村,河北省,,海河流域,河北省 - 海河流域
NW_8a60b9fb,北排水河防潮闸,天津市,,海河流域,天津市 - 海河流域
NW_8da62370,桑梓红旗闸,河北省,,海河流域,河北省 - 海河流域
NW_9072e827,大口河口,河北省,,海河流域,河北省 - 海河流域
NW_909ee803,艾辛庄,河北省,,海河流域,河北省 - 海河流域
NW_91ab2ca5,大红门闸上,北京市,,海河流域,北京市 - 海河流域
NW_95ce3859,北寨,山西省,,海河流域,山西省 - 海河流域
NW_9a07ec21,塘汉公路桥,天津市,,海河流域,天津市 - 海河流域
NW_9a7656b4,罗庄,北京市,,海河流域,北京市 - 海河流域
NW_9bc2a2d2,尔王庄泵站,天津市,,海河流域,天津市 - 海河流域
NW_9ccd2eea,拴驴泉,山西省,,黄河流域,山西省 - 黄河流域
NW_9d0e1d89,陶海,内蒙古自治区,,松花江流域,内蒙古自治区 - 松花江流域
NW_9d72f207,讷尔克气,内蒙古自治区,,松花江流域,内蒙古自治区 - 松花江流域
NW_9fd833e4,册田水库出口,山西省,,海河流域,山西省 - 海河流域
NW_a1a5f0ee,后湾水库出口,山西省,,海河流域,山西省 - 海河流域
NW_a7e8438a,沙阳,河北省,,海河流域,河北省 - 海河流域
NW_a8567831,三小营,河北省,,海河流域,河北省 - 海河流域
NW_adb1b7f5,八间房漫水桥,北京市,,海河流域,北京市 - 海河流域
NW_ae429625,采蒲台,河北省,,海河流域,河北省 - 海河流域
NW_af8ee444,小韩村（西曲村）,山西省,,黄河流域,山西省 - 黄河流域
NW_b1cf5180,关河水库出口,山西省,,海河流域,山西省 - 海河流域
NW_b6c01f06,南大荒桥,北京市,,海河流域,北京市 - 海河流域
NW_b96bbca6,沧浪渠出境,天津市,,海河流域,天津市 - 海河流域
NW_b9b4a372,郝村,山西省,,黄河流域,山西省 - 黄河流域
NW_c02a7adc,龙门,山西省,,黄河流域,山西省 - 黄河流域
NW_c1bc0dc3,小范桥,河北省,,海河流域,河北省 - 海河流域
NW_c6e48437,下北泉村,山西省,,海河流域,山西省 - 海河流域
NW_c6f1e4d3,曲周,河北省,,海河流域,河北省 - 海河流域
NW_c903e800,定襄桥,山西省,,海河流域,山西省 - 海河流域
NW_cb4fb9d2,王家庄,山西省,,海河流域,山西省 - 海河流域
NW_cb7da556,李屯,内蒙古自治区,,松花江流域,内蒙古自治区 - 松花江流域
NW_cbb27a4c,代县桥,山西省,,海河流域,山西省 - 海河流域
NW_cd8cbb3e,总排干入黄口,内蒙古自治区,,黄河流域,内蒙古自治区 - 黄河流域
NW_d14ce6a3,上平望,山西省,,黄河流域,山西省 - 黄河流域
NW_d299fa5b,码头,北京市,,海河流域,北京市 - 海河流域
NW_d4776230,大石桥,河北省,,海河流域,河北省 - 海河流域
NW_d78c3085,北河店,河北省,,海河流域,河北省 - 海河流域
NW_d7fb3b43,大关桥,北京市,,海河流域,北京市 - 海河流域
NW_d81db4a3,磴口,内蒙古自治区,,黄河流域,内蒙古自治区 - 黄河流域
NW_df535438,坪上桥,山西省,,海河流域,山西省 - 海河流域
NW_e38b6c96,西屯桥,天津市,,海河流域,天津市 - 海河流域
NW_e451a109,利仁皂,山西省,,海河流域,山西省 - 海河流域
NW_e7abda42,鼓楼外大街,北京市,,海河流域,北京市 - 海河流域
NW_e7ae61ec,甸子,河北省,,辽河流域,河北省 - 辽河流域
NW_e843a504,于桥水库出口,天津市,,海河流域,天津市 - 海河流域
NW_eda12fa9,左卫桥,河北省,,海河流域,河北省 - 海河流域
NW_f0609cdd,碛口,山西省,,黄河流域,山西省 - 黄河流域
NW_f2f11d95,小屯桥,北京市,,海河流域,北京市 - 海河流域
NW_f451fce9,杀虎口,山西省,,黄河流域,山西省 - 黄河流域
NW_f7ffd93a,新开河口,河北省,,海河流域,河北省 - 海河流域
NW_f9698946,地都,河北省,,海河流域,河北省 - 海河流域
